mesh	0	6030
mesh	0	6259
mesh	0	6223
mesh	0	5938
mesh	0	6117
mesh	0	6316
mesh	0	6324
mesh	0	6177
mesh	0	6262
mesh	0	6210
libc	0	5865
libc	0	5792
libc	0	6021
libc	0	5850
libc	0	6042
libc	0	5976
libc	0	5997
libc	0	6175
libc	0	6106
libc	0	5989
jemalloc	0	5910
jemalloc	0	5981
jemalloc	0	6022
jemalloc	0	5892
jemalloc	0	6127
jemalloc	0	5915
jemalloc	0	6051
jemalloc	0	6192
jemalloc	0	6266
jemalloc	0	5981
mesh	1	6113
mesh	1	6150
mesh	1	6006
mesh	1	6200
mesh	1	6239
mesh	1	6170
mesh	1	6191
mesh	1	6460
mesh	1	6362
mesh	1	6519
libc	1	5955
libc	1	5978
libc	1	5953
libc	1	5912
libc	1	6121
libc	1	6061
libc	1	6248
libc	1	5856
libc	1	6274
libc	1	6105
jemalloc	1	6109
jemalloc	1	6051
jemalloc	1	6016
jemalloc	1	6009
jemalloc	1	5984
jemalloc	1	6106
jemalloc	1	6314
jemalloc	1	6197
jemalloc	1	6075
jemalloc	1	6107
mesh	2	6110
mesh	2	6082
mesh	2	6075
mesh	2	6440
mesh	2	6142
mesh	2	6156
mesh	2	6379
mesh	2	6427
mesh	2	6038
mesh	2	6297
libc	2	5768
libc	2	5963
libc	2	5926
libc	2	5968
libc	2	6081
libc	2	6162
libc	2	6043
libc	2	6559
libc	2	6013
libc	2	5920
jemalloc	2	5996
jemalloc	2	5889
jemalloc	2	6220
jemalloc	2	5932
jemalloc	2	6011
jemalloc	2	6062
jemalloc	2	6128
jemalloc	2	6067
jemalloc	2	6124
jemalloc	2	6085
mesh	3	6109
mesh	3	5960
mesh	3	6385
mesh	3	6124
mesh	3	6421
mesh	3	6225
mesh	3	6172
mesh	3	6273
mesh	3	6130
mesh	3	6262
libc	3	5868
libc	3	6089
libc	3	5866
libc	3	5839
libc	3	5891
libc	3	6063
libc	3	5893
libc	3	6031
libc	3	5842
libc	3	6119
jemalloc	3	6191
jemalloc	3	5955
jemalloc	3	6149
jemalloc	3	6083
jemalloc	3	6164
jemalloc	3	6091
jemalloc	3	6154
jemalloc	3	6157
jemalloc	3	6237
jemalloc	3	6184
mesh	4	5954
mesh	4	6056
mesh	4	6114
mesh	4	5968
mesh	4	6247
mesh	4	6389
mesh	4	6158
mesh	4	6271
mesh	4	6295
mesh	4	6452
libc	4	5845
libc	4	5823
libc	4	5913
libc	4	5821
libc	4	6025
libc	4	6097
libc	4	6213
libc	4	6053
libc	4	6214
libc	4	6082
jemalloc	4	6067
jemalloc	4	5989
jemalloc	4	6069
jemalloc	4	6305
jemalloc	4	5915
jemalloc	4	6030
jemalloc	4	6192
jemalloc	4	6114
jemalloc	4	6288
jemalloc	4	6106
mesh	5	6153
mesh	5	5921
mesh	5	6220
mesh	5	6206
mesh	5	6204
mesh	5	6191
mesh	5	6109
mesh	5	6307
mesh	5	6380
mesh	5	6284
libc	5	5838
libc	5	5970
libc	5	6115
libc	5	6260
libc	5	5684
libc	5	6288
libc	5	5947
libc	5	6082
libc	5	6117
libc	5	6267
jemalloc	5	6066
jemalloc	5	6074
jemalloc	5	5960
jemalloc	5	6163
jemalloc	5	5916
jemalloc	5	6143
jemalloc	5	5988
jemalloc	5	6097
jemalloc	5	5992
jemalloc	5	5969
mesh	6	6125
mesh	6	6090
mesh	6	6162
mesh	6	6215
mesh	6	6217
mesh	6	6146
mesh	6	6453
mesh	6	6248
mesh	6	6097
mesh	6	6172
libc	6	5974
libc	6	5735
libc	6	6161
libc	6	5736
libc	6	6139
libc	6	6087
libc	6	6052
libc	6	6006
libc	6	6135
libc	6	6076
jemalloc	6	5972
jemalloc	6	6040
jemalloc	6	6053
jemalloc	6	5972
jemalloc	6	6015
jemalloc	6	6129
jemalloc	6	6124
jemalloc	6	6193
jemalloc	6	6133
jemalloc	6	6036
mesh	7	6234
mesh	7	6281
mesh	7	6065
mesh	7	6564
mesh	7	6252
mesh	7	6129
mesh	7	6336
mesh	7	6269
mesh	7	6095
mesh	7	6203
libc	7	5966
libc	7	5947
libc	7	5844
libc	7	5952
libc	7	5882
libc	7	6160
libc	7	5955
libc	7	6210
libc	7	6165
libc	7	6124
jemalloc	7	6078
jemalloc	7	6084
jemalloc	7	6042
jemalloc	7	6161
jemalloc	7	6051
jemalloc	7	6004
jemalloc	7	6103
jemalloc	7	6060
jemalloc	7	6085
jemalloc	7	5965
mesh	8	6067
mesh	8	6418
mesh	8	5978
mesh	8	6158
mesh	8	6446
mesh	8	6342
mesh	8	6346
mesh	8	6357
mesh	8	6446
mesh	8	6255
libc	8	5955
libc	8	5869
libc	8	5841
libc	8	6015
libc	8	5992
libc	8	5913
libc	8	6233
libc	8	6243
libc	8	5985
libc	8	5932
jemalloc	8	6051
jemalloc	8	6113
jemalloc	8	6003
jemalloc	8	6098
jemalloc	8	6203
jemalloc	8	6012
jemalloc	8	6244
jemalloc	8	5869
jemalloc	8	6373
jemalloc	8	6002
mesh	9	6035
mesh	9	6454
mesh	9	5999
mesh	9	6132
mesh	9	6197
mesh	9	6164
mesh	9	6211
mesh	9	6243
mesh	9	6720
mesh	9	6069
libc	9	5932
libc	9	5995
libc	9	6016
libc	9	6015
libc	9	5970
libc	9	5917
libc	9	5950
libc	9	5967
libc	9	6022
libc	9	5918
jemalloc	9	6095
jemalloc	9	6197
jemalloc	9	5958
jemalloc	9	6119
jemalloc	9	5867
jemalloc	9	6057
jemalloc	9	6198
jemalloc	9	6046
jemalloc	9	6082
jemalloc	9	6158
mesh	10	6175
mesh	10	6049
mesh	10	6113
mesh	10	6055
mesh	10	6337
mesh	10	6004
mesh	10	6314
mesh	10	6352
mesh	10	6382
mesh	10	6285
libc	10	5837
libc	10	5945
libc	10	6018
libc	10	6080
libc	10	6152
libc	10	5952
libc	10	5889
libc	10	6094
libc	10	6144
libc	10	5988
jemalloc	10	6093
jemalloc	10	6115
jemalloc	10	6076
jemalloc	10	5938
jemalloc	10	6106
jemalloc	10	6140
jemalloc	10	6044
jemalloc	10	6074
jemalloc	10	6230
jemalloc	10	6106
mesh	11	6042
mesh	11	6266
mesh	11	6229
mesh	11	6356
mesh	11	6510
mesh	11	6080
mesh	11	6099
mesh	11	6505
mesh	11	6273
mesh	11	5997
libc	11	5828
libc	11	6209
libc	11	5779
libc	11	6261
libc	11	6197
libc	11	6104
libc	11	6119
libc	11	5822
libc	11	5989
libc	11	6060
jemalloc	11	6045
jemalloc	11	5982
jemalloc	11	6221
jemalloc	11	6121
jemalloc	11	6179
jemalloc	11	5912
jemalloc	11	6037
jemalloc	11	5997
jemalloc	11	6079
jemalloc	11	6163
mesh	12	6138
mesh	12	6031
mesh	12	6325
mesh	12	5971
mesh	12	6205
mesh	12	6142
mesh	12	6048
mesh	12	6248
mesh	12	5915
mesh	12	6220
libc	12	5819
libc	12	5923
libc	12	6084
libc	12	5835
libc	12	5956
libc	12	5928
libc	12	6129
libc	12	6154
libc	12	6004
libc	12	5963
jemalloc	12	6090
jemalloc	12	6274
jemalloc	12	6074
jemalloc	12	6162
jemalloc	12	6029
jemalloc	12	5853
jemalloc	12	6096
jemalloc	12	6009
jemalloc	12	6113
jemalloc	12	6168
mesh	13	5989
mesh	13	6072
mesh	13	6180
mesh	13	5985
mesh	13	6300
mesh	13	6175
mesh	13	6422
mesh	13	6210
mesh	13	6268
mesh	13	6532
libc	13	5810
libc	13	5784
libc	13	6030
libc	13	6062
libc	13	6261
libc	13	5850
libc	13	5940
libc	13	6196
libc	13	5982
libc	13	6120
jemalloc	13	6179
jemalloc	13	6161
jemalloc	13	5981
jemalloc	13	6118
jemalloc	13	5987
jemalloc	13	6020
jemalloc	13	6039
jemalloc	13	6112
jemalloc	13	6299
jemalloc	13	6091
mesh	14	6033
mesh	14	6027
mesh	14	6293
mesh	14	6380
mesh	14	6230
mesh	14	6330
mesh	14	6145
mesh	14	6260
mesh	14	6150
mesh	14	6626
libc	14	5914
libc	14	5805
libc	14	6095
libc	14	5942
libc	14	5837
libc	14	6130
libc	14	6137
libc	14	5787
libc	14	6125
libc	14	6032
jemalloc	14	5950
jemalloc	14	5939
jemalloc	14	5993
jemalloc	14	6210
jemalloc	14	5994
jemalloc	14	5982
jemalloc	14	6131
jemalloc	14	6059
jemalloc	14	5910
jemalloc	14	5999
mesh	15	6089
mesh	15	6337
mesh	15	6089
mesh	15	6001
mesh	15	6070
mesh	15	6342
mesh	15	6211
mesh	15	6079
mesh	15	6243
mesh	15	6483
libc	15	5889
libc	15	5750
libc	15	5828
libc	15	6041
libc	15	5931
libc	15	5978
libc	15	5840
libc	15	5999
libc	15	6072
libc	15	5943
jemalloc	15	6102
jemalloc	15	6234
jemalloc	15	6057
jemalloc	15	6219
jemalloc	15	6133
jemalloc	15	5965
jemalloc	15	6060
jemalloc	15	6073
jemalloc	15	5871
jemalloc	15	6243
mesh	16	6144
mesh	16	6054
mesh	16	6131
mesh	16	6047
mesh	16	6248
mesh	16	6218
mesh	16	6126
mesh	16	6199
mesh	16	6261
mesh	16	6178
libc	16	5880
libc	16	5906
libc	16	5837
libc	16	5934
libc	16	5967
libc	16	6166
libc	16	5845
libc	16	6194
libc	16	5906
libc	16	5934
jemalloc	16	6060
jemalloc	16	5880
jemalloc	16	6236
jemalloc	16	5908
jemalloc	16	5936
jemalloc	16	6059
jemalloc	16	5997
jemalloc	16	6043
jemalloc	16	5973
jemalloc	16	6226
mesh	17	6026
mesh	17	6327
mesh	17	6395
mesh	17	6078
mesh	17	6301
mesh	17	6219
mesh	17	6180
mesh	17	6201
mesh	17	6183
mesh	17	6401
libc	17	5777
libc	17	6078
libc	17	5855
libc	17	5946
libc	17	5887
libc	17	5923
libc	17	5900
libc	17	6070
libc	17	6173
libc	17	5936
jemalloc	17	6097
jemalloc	17	5985
jemalloc	17	6093
jemalloc	17	6010
jemalloc	17	6101
jemalloc	17	6017
jemalloc	17	6026
jemalloc	17	6106
jemalloc	17	6170
jemalloc	17	6004
mesh	18	6038
mesh	18	6022
mesh	18	6053
mesh	18	6426
mesh	18	6042
mesh	18	6407
mesh	18	6210
mesh	18	6317
mesh	18	6408
mesh	18	6241
libc	18	5962
libc	18	5897
libc	18	5835
libc	18	6224
libc	18	5953
libc	18	5928
libc	18	6392
libc	18	6015
libc	18	6052
libc	18	5810
jemalloc	18	6052
jemalloc	18	6038
jemalloc	18	5958
jemalloc	18	6249
jemalloc	18	5953
jemalloc	18	6016
jemalloc	18	6221
jemalloc	18	6053
jemalloc	18	6169
jemalloc	18	6069
mesh	19	6065
mesh	19	6117
mesh	19	6253
mesh	19	6169
mesh	19	6404
mesh	19	6295
mesh	19	6018
mesh	19	6223
mesh	19	6552
mesh	19	6449
libc	19	5905
libc	19	5990
libc	19	6267
libc	19	6059
libc	19	5995
libc	19	5998
libc	19	5923
libc	19	6152
libc	19	6073
libc	19	6220
jemalloc	19	6107
jemalloc	19	6017
jemalloc	19	5946
jemalloc	19	5900
jemalloc	19	6054
jemalloc	19	6255
jemalloc	19	6010
jemalloc	19	6080
jemalloc	19	6037
jemalloc	19	5898
